{"files":{"application-00f1088ee6bfd84eb2cf8931aec24dada06ff56a14e6899b3a59c95aec36c727.js":{"logical_path":"application.js","mtime":"2017-05-12T03:09:41+05:00","size":350395,"digest":"00f1088ee6bfd84eb2cf8931aec24dada06ff56a14e6899b3a59c95aec36c727","integrity":"sha256-APEIjua/2E6yz4kxrsJNraBv9WoU5ombOlnJWuw2xyc="},"application-48aea88880ed68b08d95a6cc31705a421fef09df7e923a97a878ab850a89e7f7.css":{"logical_path":"application.css","mtime":"2017-05-12T03:10:49+05:00","size":21064,"digest":"48aea88880ed68b08d95a6cc31705a421fef09df7e923a97a878ab850a89e7f7","integrity":"sha256-SK6oiIDtaLCNlabMMXBaQh/vCd9+kjqXqHirhQqJ5/c="},"application-b91b36cb8b17c085bd3d73791ad6830add14847657cd9ab38853b82dd6164928.css":{"logical_path":"application.css","mtime":"2017-05-12T03:16:56+05:00","size":657,"digest":"b91b36cb8b17c085bd3d73791ad6830add14847657cd9ab38853b82dd6164928","integrity":"sha256-uRs2y4sXwIW9PXN5GtaDCt0UhHZXzZqziFO4LdYWSSg="},"application-045fe876d0446e57aae58ad4dd0f5bad1ade94e18c46803c7f60c41d96aad64a.css":{"logical_path":"application.css","mtime":"2017-05-12T03:24:14+05:00","size":41316,"digest":"045fe876d0446e57aae58ad4dd0f5bad1ade94e18c46803c7f60c41d96aad64a","integrity":"sha256-BF/odtBEbleq5YrU3Q9brRrelOGMRoA8f2DEHZaq1ko="}},"assets":{"application.js":"application-00f1088ee6bfd84eb2cf8931aec24dada06ff56a14e6899b3a59c95aec36c727.js","application.css":"application-045fe876d0446e57aae58ad4dd0f5bad1ade94e18c46803c7f60c41d96aad64a.css"}}